{"hist": {"val_loss": [0.6250374321937561, 0.4108610334396362, 0.3455095131397247, 0.3124368869463603, 0.2907694054444631, 0.2733924848238627, 0.2589799405733744, 0.24642395377159118, 0.2359656250476837, 0.22662394773960112], "loss": [1.342304240544637, 0.6016056484381358, 0.4686228094100952, 0.40892492421468096, 0.37388088206450143, 0.35004775138696037, 0.32530240102609, 0.31006950918833415, 0.2926597410440445, 0.2813339062531789], "acc": [0.6528541666666666, 0.8311666666666667, 0.8647708333333334, 0.8819791666666666, 0.8923541666666667, 0.8984791666666667, 0.9067291666666667, 0.9109583333333333, 0.9161041666666667, 0.9183333333333333], "val_acc": [0.8605000006357829, 0.8909166668256124, 0.9035833338101705, 0.9105833336512248, 0.9168333336512248, 0.9213333336512247, 0.9248333336512248, 0.9300833336512248, 0.9328333336512248, 0.934833333492279]}, "score": [0.22880037831664085, 0.934]}