{"hist": {"val_loss": [0.21894668591022493, 0.1879789344271024, 0.1605823074579239, 0.1453920983672142, 0.13756185819705327, 0.12805536381403604, 0.12014281431833904, 0.11882357508440812, 0.1113993688027064, 0.11173618185271819], "loss": [0.4609699996312459, 0.2475150633653005, 0.2055832703113556, 0.17455957800149918, 0.16179375593860945, 0.14609975557029248, 0.13660130922993025, 0.12909778391818205, 0.12126839528977872, 0.11690453680604697], "acc": [0.8617916666666666, 0.92425, 0.9375, 0.9463541666666667, 0.9505625, 0.9541458333333334, 0.9573541666666666, 0.96075, 0.963125, 0.9639166666666666], "val_acc": [0.9337500006357828, 0.94475, 0.9511666671435038, 0.9563333339691162, 0.95625, 0.9625000006357829, 0.9633333338101705, 0.9638333334922791, 0.9656666673024495, 0.9680000006357828]}, "score": [0.10947859061090276, 0.9668]}