{"hist": {"val_loss": [11.394352361043294, 8.633897239685059, 8.831936330159506, 8.716164077758789, 8.724948939005534, 8.516245897928874, 8.411679209391275, 8.437912020365397, 8.5496369527181, 8.468693550109863], "loss": [11.977191256205241, 10.393923805236817, 8.976603955586752, 8.854196684519449, 8.704774875640869, 8.633433024088541, 8.599611349741618, 8.57851772181193, 8.719058675130208, 8.584693739573162], "acc": [0.25647916666666665, 0.35422916666666665, 0.44235416666666666, 0.45014583333333336, 0.45958333333333334, 0.4640625, 0.4661666666666667, 0.46758333333333335, 0.4588541666666667, 0.4671875], "val_acc": [0.293, 0.46366666682561236, 0.45158333365122477, 0.4589166667461395, 0.45841666698455813, 0.4714166668256124, 0.4779166669050852, 0.4762500001589457, 0.46941666666666665, 0.47458333349227905]}, "score": [8.427584703826904, 0.477]}